﻿<?xml version="1.0" encoding="utf-8" ?>
<Defs>
  <WorkGiverDef>
    <defName>DoBillsCoreMine</defName>
    <label>do bills at deep core mine</label>
    <giverClass>WorkGiver_DoBill</giverClass>
    <workType>Mining</workType>
    <priorityInType>90</priorityInType>
    <fixedBillGiverDefs>
      <li>CoreDrill</li>
    </fixedBillGiverDefs>
    <verb>work</verb>
    <gerund>working at</gerund>
    <requiredCapacities>
      <li>Manipulation</li>
    </requiredCapacities>
  </WorkGiverDef>
</Defs>