﻿<?xml version="1.0" encoding="utf-8" ?>
<Defs>
  <ThingDef Name="OCD_BuildingBase" Abstract="True">
    <category>Building</category>
    <thingClass>Building</thingClass>
    <soundImpactDefault>BulletImpact_Metal</soundImpactDefault>
    <selectable>true</selectable>
    <drawerType>MapMeshAndRealTime</drawerType>
    <terrainAffordanceNeeded>Light</terrainAffordanceNeeded>
    <repairEffect>Repair</repairEffect>
    <leaveResourcesWhenKilled>true</leaveResourcesWhenKilled>
    <filthLeaving>Filth_RubbleBuilding</filthLeaving>
		<statBases>
			<SellPriceFactor>0.70</SellPriceFactor>
		</statBases>
  </ThingDef>

  <ThingDef ParentName="OCD_BuildingBase">
    <defName>CoreDrill</defName>
    <thingClass>Building_WorkTable</thingClass>
    <label>core drill</label>
    <description>A ultra deep-crust drilling rig for extracting minerals from deep under the surface.</description>
    <graphicData>
      <texPath>Building/Production/DeepCoreDrill</texPath>
      <graphicClass>Graphic_Single</graphicClass>
      <drawSize>(3,3)</drawSize>
      <drawRotated>false</drawRotated>
    </graphicData>
    <costStuffCount>75</costStuffCount>
    <costList>
      <Steel>2000</Steel>
      <ComponentIndustrial>10</ComponentIndustrial>
      <Plasteel>400</Plasteel>
    </costList>
    <altitudeLayer>Building</altitudeLayer>
    <fillPercent>0.5</fillPercent>
    <useHitPoints>True</useHitPoints>
    <statBases>
      <MaxHitPoints>140</MaxHitPoints>
      <WorkToBuild>5000</WorkToBuild>
      <Flammability>1.0</Flammability>
      <Beauty>-25</Beauty>
    </statBases>
    <size>(3,3)</size>
    <designationCategory>Production</designationCategory>
    <passability>PassThroughOnly</passability>
    <pathCost>70</pathCost>
    <hasInteractionCell>true</hasInteractionCell>
    <interactionCellOffset>(0,0,-2)</interactionCellOffset>
    <surfaceType>Item</surfaceType>
    <inspectorTabs>
      <li>ITab_Bills</li>
    </inspectorTabs>
    <building>
      <spawnedConceptLearnOpportunity>BillsTab</spawnedConceptLearnOpportunity>
    </building>
    <comps>
      <li Class="CompProperties_Power">
        <compClass>CompPowerTrader</compClass>
        <basePowerConsumption>2500</basePowerConsumption>
      </li>
      <li Class="CompProperties_Flickable"/>
      <li Class="CompProperties_Breakdownable"/>
    </comps>
    <designationHotKey>Misc12</designationHotKey>
    <rotatable>true</rotatable>
    <researchPrerequisites>
      <li>DeepDrilling</li>
    </researchPrerequisites>
  </ThingDef>
</Defs>